-3.153083162,-7.298942121,0
4.385853149,-6.575369739,0
-4.285374836,8.081675339,0
5.270134111,-5.471799168,0
8.048249912,-7.189258016,0
6.893519611,3.446078974,0
5.097940927,3.742875676,0
5.090920941,-3.503416641,0
-3.743675711,-8.235540135,0
5.629464075,3.05720368,0
3.254607334,3.171422004,1
-5.267766553,0.0993151276,0
-6.072427715,-7.882491094,0
-7.517024762,4.467282015,0
4.774129239,-6.752560686,0
-1.065859096,-0.4348425218,1
-0.2372174276,7.008228588,0
7.525816437,5.555594558,0
9.178998333,-3.364137552,0
-6.66676032,7.741988135,0
6.784129924,5.443435778,0
4.695761301,-3.503724412,0
-3.846787571,-4.209255241,0
-4.059742449,3.911227929,0
7.781588875,6.994259351,0
-3.802827204,7.297471882,0
-2.602007648,8.440277208,0
-5.282490633,7.711887267,0
2.89436076,6.292999813,0
-3.36575305,2.895431924,1
2.380321135,7.443145071,0
4.771834919,-1.685145855,0
-0.9070682742,-7.278357416,0
-7.107455004,-2.555848134,0
0.239929757,2.906850379,1
-6.321362273,2.988054569,0
-3.672608938,-4.317358199,0
-9.215553001,4.441202826,0
5.120355475,9.458617868,0
-1.547348129,4.193104928,1
0.1076380201,-9.157392053,0
-5.525858093,4.330366617,0
-2.810301685,6.559519281,0
2.681065882,-0.6459162459,1
5.281092884,7.739520467,0
-0.3022154337,-3.778298934,1
-3.383301344,4.75242856,0
7.334620523,-7.560951465,0
0.7735468966,4.144089586,1
6.794446111,5.369662463,0
-7.232236903,-4.265552584,0
-6.227686502,1.494920683,0
-9.941229778,-2.434105679,0
4.563477381,3.049910023,0
-4.10943948,9.144413353,0
2.455331058,-8.723634324,0
7.122505238,9.294920437,0
0.9639149258,0.4754173678,1
3.549819237,3.956123224,0
-4.114166877,5.109291014,0
-7.313531626,1.369124291,0
1.671551766,3.392514873,1
-0.9190580603,7.367893207,0
-0.7137811019,-4.870410234,1
0.4579897226,-8.141352314,0
2.509302625,-1.002511087,1
4.327070677,-0.9209163797,1
-2.465506797,-4.962247806,0
8.170908421,-1.142694377,0
6.766479393,-8.18563797,0
-6.074775622,3.844208767,0
-8.128638477,4.50997129,0
-6.816644432,8.571977291,0
3.422614142,-9.825517446,0
3.407132371,0.1952627333,1
4.894682794,-0.5936309554,1
-2.601953603,7.900520576,0
7.291441419,9.938541622,0
8.380389237,-1.777118825,0
7.356894679,6.916966138,0
-8.729293536,6.888839345,0
7.10067819,7.101650138,0
-2.944439736,4.306965724,0
5.281046148,9.786017564,0
-8.32774181,1.457721576,0
-7.476785502,-4.077904461,0
3.384855232,-4.312601679,0
-9.088942064,8.755349541,0
-6.629607318,-8.209917497,0
-3.824652309,-5.785593079,0
-6.921997359,-7.234533384,0
6.011835708,-2.63269096,0
-1.103850582,-3.23076842,1
-8.402316423,2.447350596,0
-0.2390544647,2.02662728,1
-8.965137094,8.267958751,0
-3.438866641,9.858789261,0
-6.765674425,8.287480625,0
-6.457018665,7.475233587,0
-1.335104714,-4.848855828,0
1.390989548,6.814878482,0
9.425981935,-6.771124515,0
9.257978918,-6.52815139,0
-4.736613057,-0.5159482185,1
-1.259236616,0.6212193967,1
4.432614324,2.949678105,0
6.645290734,6.863774994,0
-1.275733888,-3.845111899,1
-4.642228705,4.037747026,0
-9.498749146,8.036066125,0
-0.2640144034,-8.700581671,0
6.257693373,-2.816698848,0
7.657605043,5.153378435,0
-4.005408531,6.714284352,0
-2.289969185,-8.382883861,0
-9.382581101,-2.365826641,0
1.978896045,6.333559393,0
0.5960289092,6.231351216,0
4.490047066,-8.800945574,0
8.28737423,-7.124593328,0
6.582465173,1.953207422,0
-6.393289666,4.525080893,0
9.337257085,-9.819104125,0
8.143109968,1.320326708,0
0.1604821753,-4.694318948,1
-3.649734925,-1.175972913,1
5.71526244,-2.592252815,0
-5.896280481,-8.204666602,0
6.621257964,0.07840218996,0
-5.299176256,-7.182007938,0
0.6872603804,-5.972910522,0
0.2898610046,-0.3265808692,1
-9.08469911,-3.214250387,0
-7.250045707,-0.9602869533,0
2.112340253,-8.390704469,0
2.20351137,0.9141790521,1
-4.33174822,-0.4501436751,1
3.628135665,-1.901644274,1
-4.093529584,-7.313639693,0
-7.554930567,-1.849055522,0
3.386334952,-6.380069863,0
-1.503597488,1.405438717,1
-9.366187387,6.599468978,0
-5.516557369,-2.034340828,0
-6.000059861,9.020726168,0
-0.276223592,9.033817419,0
-8.306017946,-1.453970025,0
-7.005265027,3.492120969,0
-7.489036259,0.7207940575,0
9.266114497,-0.6496526122,0
-7.629122216,-5.283207085,0
4.285161549,-8.511775296,0
6.509539688,-9.288874825,0
8.26200069,-7.9371466,0
-5.991287832,-8.586319709,0
-4.686179612,8.017816885,0
-1.674227608,-7.615173673,0
8.861302763,-8.677967448,0
-7.419136668,1.038959191,0
4.830939692,1.882800294,0
1.58211264,2.60844122,1
4.302016721,0.5189135388,1
-6.082826133,-7.153626583,0
5.147230205,-0.05389642528,0
-3.088013026,-8.124447688,0
8.251031195,5.418494637,0
4.855320692,-8.655135773,0
8.049966261,-6.513852116,0
6.610314118,7.933277582,0
-0.5755678273,7.27019283,0
-7.418116303,0.2455037907,0
3.381418559,9.723430873,0
-7.018467452,-6.727704399,0
-7.497027951,-7.464278029,0
9.428737605,4.842267937,0
3.795267429,7.659856664,0
-9.849238122,1.871021943,0
1.358331487,-9.124972195,0
5.390387392,-9.282730244,0
-5.793380521,2.371430428,0
4.103720543,5.584556142,0
5.605797339,-1.969096432,0
-4.372119515,1.661081377,1
9.451250286,6.89495594,0
0.7210356983,5.569036695,0
-3.501022193,5.252915603,0
-4.775086459,4.698771598,0
8.669704217,5.849341731,0
6.572555443,9.132014534,0
3.182189864,1.901257213,1
-1.538239375,-4.887723004,0
-0.06812908941,-0.06784205733,1
-7.762700249,-2.600520074,0
5.316133725,2.871160335,0
4.872652658,-0.6502614798,1
-6.382336607,5.43206219,0
-7.085329218,-5.809835901,0
3.092482359,-2.52151004,1
-0.6477759247,-1.287574183,1
8.069429434,-2.102282713,0
6.092547194,-8.512256745,0
0.653015606,1.447142992,1
-1.42333941,1.709873386,1
-3.968288276,-5.896172349,0
-8.962111368,-8.098435962,0
3.928917784,-1.361118628,1
1.005167432,-2.026143369,1
5.393988639,-8.545076351,0
-0.1245254139,-6.493476971,0
-1.084133278,4.166218052,1
2.727385537,-8.378171814,0
-7.247980352,8.967510705,0
-4.979596079,7.452719777,0
1.400539516,5.528990544,0
6.422379696,-3.039555498,0
-6.696583138,-1.028784722,0
-7.270021763,3.735510444,0
-5.845842,3.415233043,0
-4.305176708,4.419803535,0
-4.406928596,3.669549142,0
-2.45940537,5.516587963,0
-7.391297314,-1.19301086,0
-7.945992937,9.60902039,0
-5.375941389,-4.299082633,0
-2.64472499,-2.613289727,1
5.031413539,-1.968326402,0
-3.198706298,3.383769652,1
1.849645251,6.84049696,0
-6.05254556,-2.039293726,0
-1.786788159,-7.600379706,0
5.091644667,5.816408004,0
-4.437972313,-6.016392476,0
8.646652211,-7.804618213,0
4.686659282,-5.931564942,0
4.434845055,-8.040682371,0
0.1934198319,-3.448798049,1
7.971655725,3.820948477,0
-7.510915484,-5.225219441,0
-5.097949036,2.292083258,0
8.045125052,4.458103718,0
-1.023163427,-6.723392903,0
3.486500617,-0.9257825303,1
-6.696717631,-4.25686752,0
1.960205956,0.7846070252,1
9.077229928,-8.459096301,0
-8.726062144,8.729728602,0
8.601489964,8.176463641,0
2.455385753,8.292079618,0
-9.88200649,5.247484961,0
-5.332179845,-0.1104528679,0
0.8288197308,4.234089922,1
7.827803343,-6.076823376,0
-8.546118737,-6.523117865,0
7.806002638,-0.3050815663,0
0.7706972909,-4.575183984,1
0.7522446271,-9.572696092,0
-8.195651549,1.614944267,0
-7.128894659,-6.041580539,0
-7.31663929,2.349982691,0
-0.1155187091,-0.7480519288,1
4.649918099,2.668544379,0
6.452759152,2.553456421,0
7.310468136,3.95679523,0
-0.01366773657,3.84050281,1
-3.064567216,1.429190436,1
-4.435604372,4.155572268,0
-2.535601047,1.709867301,1
9.088085791,7.477210981,0
5.845814098,1.875156897,0
4.330201368,-3.023815688,0
-6.562122325,-8.428397056,0
-3.796107278,-5.180147451,0
3.419958727,3.202770898,1
-2.642138412,7.12937976,0
0.5115483363,1.682038559,1
8.115770274,1.26080476,0
3.768392988,-5.122529483,0
-9.187275833,1.272389615,0
5.823117725,-1.371223633,0
-1.258171472,-0.7429100339,1
-7.339686846,6.09526693,0
7.209000897,5.160374277,0
6.863696578,-9.802372204,0
-0.3956463023,-4.229951072,1
4.245636237,-9.954772847,0
-5.066363533,-5.243864849,0
-1.13303504,-2.505403074,1
4.913369212,-0.04474574721,1
-5.322317567,8.363612621,0
-1.481532858,-8.464610356,0
3.356782454,-5.670173825,0
9.781299577,5.243294217,0
7.402120328,6.170288652,0
-9.323702591,-1.371780475,0
5.118871037,-3.245871461,0
5.084364446,-5.047949284,0
9.877796804,-6.92196338,0
2.11651701,-0.5626659543,1
9.862198258,-9.361265308,0
-2.513675845,5.571096958,0
6.495074545,-9.43460851,0
-9.844118575,5.373758859,0
-0.164321678,-9.811123291,0
8.140204894,6.85883881,0
-2.542694508,-8.896371374,0
-7.859911802,4.350584217,0
9.665821224,5.281836278,0
8.583627592,2.893024662,0
-1.608934317,-0.5714725336,1
-5.308236021,6.675395273,0
9.680959602,0.5200769355,0
-2.656636215,3.215249348,1
0.4507713403,-8.652466573,0
-5.199502503,9.982006477,0
8.987664242,-6.109905111,0
5.764749233,-1.789921057,0
-4.316691673,-9.527052438,0
-6.229465301,9.842130206,0
-4.435012419,7.917602747,0
6.581568291,-2.140580872,0
-2.581706197,8.271765808,0
-9.958232482,7.697601168,0
-4.35784566,-8.790320326,0
3.742050962,-1.987249773,1
-9.550401513,-2.177207008,0
1.899635955,-7.2462182,0
-0.3746788,-6.725493969,0
7.006591322,3.313860101,0
-9.226244662,-3.32834341,0
-3.910424928,-0.5252245822,1
6.839037014,0.5093134605,0
-0.1671771589,0.9246927793,1
-0.3491254119,-0.8256511788,1
3.351624054,7.321068907,0
6.348023836,6.247173417,0
-5.936328357,4.186945065,0
1.753695844,3.719916253,1
6.890828793,-5.62976426,0
-3.87509525,-7.246754591,0
9.934013267,-9.637972649,0
2.170400025,5.222925375,0
-5.200941437,1.461317085,0
7.829504278,8.061116437,0
4.911557978,1.590023721,0
2.026806048,8.276329693,0
-7.556133077,8.503511042,0
9.465348412,5.539850974,0
-0.112412038,3.208267117,1
-2.506424836,1.355361318,1
-4.159986042,9.58979389,0
3.178981837,-0.9176195755,1
-3.76682333,-1.429838481,1
-8.055947502,-2.536927271,0
-7.980715356,-1.44390304,0
0.4677378948,-8.194145157,0
2.23650872,4.504870945,0
-3.971631185,-8.39184488,0
-2.585782396,1.626665861,1
2.061576617,1.154581531,1
-7.563072494,-3.441495905,0
-4.570576402,-9.494345011,0
-9.728618137,-1.213773874,0
-5.255376157,8.296179388,0
8.371341281,-1.842582438,0
-8.933618757,-5.108780907,0
-1.890187846,0.5195809298,1
2.382027494,4.701567248,0
-5.751398997,-7.165734905,0
1.511301294,-0.1605133807,1
6.240241137,-8.440735459,0
-6.582233144,-6.200581218,0
6.067487728,3.657410634,0
2.384526353,3.477259118,1
-1.639256021,-1.718122119,1
-7.890969806,-9.404297337,0
-2.306076434,9.004342573,0
2.494458852,-0.5179292177,1
5.244425767,1.393731491,0
5.762791037,7.148937732,0
-7.586959133,8.819702358,0
1.48734213,-6.243219167,0
2.534774819,0.5464179657,1
5.24020546,-3.208217098,0
-6.528274706,0.4985578715,0
-1.227317486,-9.32917853,0
3.664305933,2.522944668,1
0.9944599565,-5.010405912,0
-7.872733305,8.535547369,0
8.489925025,-0.7412826677,0
-1.087879329,9.635043566,0
1.907687615,-0.2734334642,1
-3.282264927,-2.919482272,1
0.2820189471,-5.233493498,0
-3.383991125,9.972292127,0
9.192583519,-0.6899106528,0
-8.730288455,-0.4587209622,0
-9.358510383,-4.0633134,0
7.554713585,-3.856338314,0
2.624342619,0.4839399438,1
-2.841001993,4.3741063,0
-5.405353142,3.422312571,0
-1.484007053,4.152126155,1
1.368543968,-5.259060239,0
-3.660068652,1.202610117,1
-7.510447483,9.720868675,0
6.066090106,9.042950334,0
6.670608017,5.725699962,0
-0.3410780734,-3.594401959,1
-8.346625887,-3.98145947,0
6.536250183,-1.033715122,0
-1.32754989,5.618077713,0
8.767850941,-7.685439448,0
7.684744224,-3.664487155,0
3.241902335,-5.705306406,0
4.621957607,-6.61203043,0
5.152942969,9.161396613,0
-4.853239791,-5.637080247,0
-3.049870539,3.43623757,1
0.740914249,-7.18792719,0
4.79474341,-6.082990062,0
2.426239872,3.382066657,1
-9.388941996,-8.016261598,0
-4.983005748,-6.856771415,0
1.9748226,5.161400022,0
-9.475136639,4.656554228,0
4.368786982,6.840853815,0
3.18545735,0.3229823504,1
-9.255162615,8.12587207,0
0.5478232874,4.687930186,1
1.867481694,1.965577335,1
-4.83383585,-8.37202082,0
-2.426434787,-0.9520102981,1
-0.3443882552,-3.274513477,1
-6.131737879,-2.628198547,0
-5.778462796,-8.359175814,0
3.68754795,2.979899209,1
0.2445663501,-3.079163102,1
-9.807497625,8.02955756,0
-3.898901362,-7.563970301,0
0.620960312,-5.809355379,0
-7.878199151,-9.482108591,0
-3.992823284,4.304565684,0
0.4381997516,5.87167539,0
7.490333422,-6.696893638,0
-7.559855633,8.468858271,0
-6.532133134,-9.422286576,0
-8.335421351,0.8774070241,0
3.509755994,0.306179948,1
3.158717065,-0.1331060936,1
-5.264937588,-6.314906021,0
-8.291640025,3.629396289,0
-5.737821878,7.582825557,0
-9.205234456,-9.413967072,0
-2.620622775,-2.180776286,1
-8.258871503,3.502891714,0
-4.757552215,2.094612217,0
8.232382024,3.519011323,0
-1.808692435,7.532067817,0
-4.760297335,-7.30702148,0
1.187695358,-9.136619847,0
3.353734087,0.8036228075,1
6.411153465,5.480495828,0
9.62822724,-7.605820085,0
-5.289298842,8.890648465,0
4.258427645,-6.571780571,0
2.394735186,-3.44520276,1
8.766213648,3.429518751,0
-7.248137043,-6.344610564,0
-4.16336693,8.606991759,0
-7.269478898,-4.969126571,0
-6.451846148,4.21966892,0
-5.634605834,-4.669199628,0
7.461591029,-9.684353517,0
-2.176198955,-3.613257463,1
2.880330595,3.982817616,1
-1.644623678,-3.139308255,1
-3.432866524,-6.621888526,0
-7.036476284,0.4239695218,0
-7.699550043,4.055868624,0
4.277286314,3.036122079,0
-2.124163803,-3.505110083,1
8.887421906,-2.665341547,0
2.505722198,5.227603414,0
-4.679367747,2.712899699,0
-6.956568948,4.60369103,0
2.861060955,-6.645376695,0
5.055012514,3.974437215,0
6.588313207,-6.689421627,0
0.4851043099,-4.03704092,1
-3.713578449,-2.356634486,1
-2.489307697,5.489380436,0
7.288334468,1.73357483,0
-9.850696619,-5.651068905,0
-0.1443481621,-2.968515164,1
5.285808829,6.394843652,0
-9.646496736,0.8550285039,0
-6.995318498,-8.243158472,0
-7.734390681,-9.723855219,0
-7.537793263,5.029902646,0
8.004724517,5.704030142,0
0.005796254004,-8.003095277,0
3.508820827,-1.534777722,1
8.845217335,2.202652005,0
-3.226474132,-1.503154866,1
-9.696800338,-9.424303423,0
-1.243520595,-6.789239981,0
5.520548077,0.2982722911,0
0.4994388719,-3.34724314,1
-6.536467955,-8.746437789,0
3.84911188,9.272354568,0
-3.821006611,-6.366566538,0
4.81785592,2.935151601,0
-4.534743988,4.668672395,0
-1.589465363,-6.748899693,0
6.474592821,7.947663567,0
1.653990514,1.858475813,1
3.235645008,-0.5816401363,1
7.600726159,4.99471115,0
-1.318139158,-8.077697406,0
7.238570135,-8.498314323,0
7.494661477,0.9883485687,0
8.523239351,-6.645546057,0
3.917714992,8.617671507,0
2.160875499,4.868814503,0
8.671340366,-1.079483894,0
-7.697216742,-7.065488245,0
-0.806273466,-0.2809216947,1
6.974765692,-0.06271091469,0
-4.341687983,7.609802212,0
7.84859198,-6.525598405,0
-8.43568396,0.4822856307,0
-8.126697156,2.534609107,0
-7.829920584,-8.879108206,0
-1.680788854,-1.494922577,1
-3.363476761,8.269069929,0
3.947604667,-8.815976184,0
-9.529313637,7.415302228,0
6.304326439,-5.080662822,0
3.706974614,-7.436511776,0
0.5455535442,-1.940170226,1
-2.763611265,-7.620507194,0
8.739256653,0.09716246421,0
4.79167197,-0.6405116902,1
2.245981126,5.192908232,0
1.318967611,9.044625626,0
7.5677377,-1.773385479,0
9.814228879,7.810477375,0
3.963959347,0.0671353354,1
-1.824705491,-7.611398092,0
7.168624675,2.460911998,0
-4.781822806,2.031482035,0
7.702816974,-0.2527164415,0
-9.271209969,5.110999907,0
-5.437868313,4.552315806,0
-1.731023073,5.944517322,0
5.468511551,-2.320953465,0
-8.571617257,4.771533784,0
3.411239994,-1.396554495,1
-5.688660671,-5.94220135,0
5.86197987,-7.698197756,0
-4.729387883,7.68267018,0
7.833899063,-9.423350023,0
-0.7524935464,-3.930589421,1
2.865090744,1.614750459,1
-1.449516594,-0.05298691826,1
-2.958363358,-9.797935545,0
4.502096277,-1.813929877,1
-9.664172191,-7.162958361,0
3.106713061,-8.969907051,0
6.820217815,6.924969927,0
-3.260851514,9.047597077,0
-9.271675803,1.302526177,0
-9.17301954,-9.740819002,0
8.867966592,-3.466913743,0
-0.4030094291,3.147725988,1
-8.446622435,-2.270254195,0
-1.821185124,-8.361247758,0
4.007377337,-9.895579146,0
-0.2934464785,-0.3581216418,1
8.095066867,8.007796506,0
5.531744924,-2.626774832,0
-9.714356556,1.916300792,0
4.258758417,-0.5674740404,1
-4.1009008,-5.361314212,0
1.036328833,-4.512398478,1
1.979728037,-2.043791113,1
2.386598275,8.422764614,0
1.548508268,-6.023194535,0
3.825696806,-8.06336727,0
0.5215991826,-8.324945549,0
7.627546738,-0.1712747086,0
5.242333835,8.406152493,0
-3.694771556,2.593133004,1
3.359256917,-1.376502104,1
3.731909773,-6.558549642,0
-6.307097336,-2.404082033,0
0.295987986,-4.493927636,1
1.769175631,6.611958263,0
1.082753293,-5.27114277,0
6.857339282,-2.024931089,0
-3.202453538,-1.180932017,1
3.635788668,3.034928665,1
-4.006976668,1.668412035,1
7.018928098,4.566549983,0
-5.864187531,-5.260101398,0
2.213636426,6.000219934,0
-9.854506389,-7.798854178,0
3.733957448,-5.678269814,0
-5.738503366,4.951674866,0
-3.112190537,-9.096234658,0
-7.558843012,-9.802369295,0
-6.840335422,-4.904282639,0
-8.03516002,-2.143719949,0
-3.051696148,9.090602967,0
-9.478309891,-7.173457326,0
-4.721090408,9.404167801,0
6.772220667,-6.95928701,0
4.393918656,0.2426663526,1
4.231616538,7.216442316,0
-2.462796818,7.102213917,0
-7.70972307,3.356956748,0
-3.218678732,5.134008505,0
-1.714211085,9.301386911,0
-1.592286048,6.126137727,0
-7.236839457,0.005997580794,0
-3.86509832,-9.605921287,0
-3.592176416,2.741010965,1
9.399876406,5.438412668,0
1.608551017,-8.983381267,0
-5.066956925,1.919684536,0
4.205101263,0.8056914719,1
-0.9727693597,-0.6832628343,1
1.698055748,8.509594374,0
-4.813566763,8.576258884,0
-6.954029985,-0.882573226,0
7.250114068,7.127692751,0
-7.852381272,5.137910479,0
1.62404461,2.829058434,1
2.204767523,-7.862945305,0
3.908830386,-2.274358923,1
-8.616435341,5.093634784,0
-4.997599501,9.944919117,0
1.540293711,-8.711569674,0
9.662925523,-7.38250784,0
-8.750097858,0.07206221355,0
-3.446238336,2.405194171,1
1.97335057,7.610196145,0
2.952188463,-2.966031803,1
1.922512328,5.583761023,0
-0.4111469802,1.170496768,1
6.02898455,6.825760522,0
1.495006836,-6.952017394,0
-7.604152858,-1.994856489,0
9.269752922,-9.562123257,0
-4.290951483,9.722117739,0
-8.160297234,-6.119231066,0
-3.692237562,-2.241810005,1
-3.431420483,-2.468948814,1
-0.0392892476,-4.271871293,1
5.484470385,3.536372573,0
-2.13189056,9.009943774,0
-2.572413356,-5.435680822,0
9.006538271,-7.417109401,0
5.081540643,-9.094858448,0
-2.343286142,-8.717590488,0
-6.863693109,3.520782074,0
7.801774032,-0.01518200178,0
9.241202716,-7.523165719,0
3.056362006,3.36347678,1
-7.058645253,-8.614504132,0
5.884440241,0.1120645221,0
9.451302734,2.803970232,0
-6.913576246,4.909492993,0
4.904525815,6.974178118,0
5.883885678,-7.095094694,0
-2.372155186,-3.143946213,1
-7.597267899,6.130111223,0
6.024809046,-3.901899734,0
-2.046591492,-0.9992935444,1
7.812322409,-6.594711546,0
-5.770646786,0.9460417154,0
7.639940954,-3.2942156,0
-7.607427949,-1.78788905,0
0.5314009299,-6.415589651,0
-3.012141177,4.010324719,0
-2.876874516,0.6421292054,1
7.724847511,-3.560941092,0
3.334581318,-6.24273069,0
4.389740328,-3.016244622,0
1.890545657,-6.33440082,0
-3.503798707,-1.094727255,1
6.025466544,-3.157224638,0
3.757578165,-5.544915592,0
6.735290522,-9.635911388,0
-3.939746108,-7.390171442,0
-5.897745404,-8.767159155,0
2.340597566,4.896619799,0
0.5033233737,5.610095431,0
-3.384362027,5.884443219,0
8.923087564,-8.555058263,0
6.390233658,7.045851317,0
-6.87288507,9.195827914,0
3.761178902,-2.052904308,1
8.111878715,-0.3500773361,0
-7.23866727,7.10372828,0
9.032570858,-4.71113541,0
-2.165479567,-3.657385125,1
4.720241058,-7.784327142,0
7.804610051,7.140210719,0
7.934870623,3.348998536,0
-2.700176284,5.160851752,0
8.661146917,0.4072929334,0
-6.684003395,0.09772189155,0
9.038850779,-7.853111963,0
-1.549836017,-8.07693261,0
-1.070059653,-0.615616821,1
4.30849228,-8.216873444,0
-0.3404462932,-6.474863388,0
8.690250534,6.02715831,0
0.1283272965,4.636075461,1
8.37215536,-4.761142228,0
-5.721434475,-2.457567722,0
-4.334909332,6.642342565,0
1.806968795,-0.00556488638,1
1.387851349,7.883821259,0
-4.948227931,5.641369192,0
-0.4997719172,2.943936243,1
4.142306368,6.366854773,0
-0.6396127302,6.814700211,0
9.784156236,-6.51942962,0
0.4191801194,-5.421158194,0
-1.536765014,5.328069948,0
-8.863346587,2.658282017,0
8.387258568,-9.928250264,0
-0.9963061969,5.25237394,0
-3.856740538,-3.287583351,0
1.774403894,-2.634559649,1
3.834931085,4.862325305,0
-8.637548846,7.32705016,0
4.373753309,-5.653041668,0
1.327293687,-3.662611723,1
8.633007587,-0.5957843964,0
6.473846561,0.3239657182,0
-7.66605697,9.06610949,0
-1.18820026,-9.725164311,0
2.818512524,5.249442783,0
-2.031538235,-8.782614723,0
-3.72674811,-6.85162505,0
6.121656834,7.14066836,0
-5.49596103,-5.286830826,0
7.616861701,9.413170759,0
-2.978385333,5.315836219,0
1.655421318,-0.37321942,1
-1.017085629,-3.855213915,1
2.788339273,-5.698329473,0
8.443403554,0.4370041042,0
8.422800989,-1.484320293,0
7.41078473,-9.652311588,0
-4.853767838,-1.724298937,0
0.3505765403,-6.926332096,0
6.395365883,7.327495353,0
1.079240255,9.788354666,0
-7.154565471,-6.895765155,0
4.390682052,9.012363213,0
3.86726886,-1.356988917,1
-7.70289687,7.235357788,0
3.497734611,-7.447567698,0
-3.574656153,3.921082249,0
-2.408396869,-2.506653578,1
-2.104988399,5.468933062,0
-9.829402662,9.138633748,0
-6.085155716,-6.72814427,0
-3.541981119,2.206916154,1
-3.63108505,4.701728341,0
7.685019257,7.918939227,0
-8.175559446,2.669827691,0
8.477222716,-1.895712601,0
4.678114283,9.351359177,0
-8.521917812,5.190000943,0
5.568034518,-7.270551161,0
-4.162010892,4.431565462,0
-4.286534065,0.8053983931,1
-3.704173227,5.000656656,0
-5.495183406,-2.361585558,0
7.802305315,-0.07707356741,0
2.451376914,7.819419552,0
6.982076099,-8.636979472,0
4.504519078,1.549973411,1
6.2042779,-2.617072038,0
-0.1907835163,-8.811276287,0
8.628828593,-0.9463329051,0
-6.903107659,1.944226668,0
3.318421003,2.679218721,1
0.2177686909,4.334371175,1
8.353851416,-9.104474996,0
5.72104004,-5.900948274,0
-3.137043275,-1.46372515,1
3.926352167,-3.555851674,0
5.971092829,-5.588889926,0
-3.40977248,-4.188736595,0
-8.096250308,-1.47921535,0
-9.943773204,9.809086099,0
-4.180455416,-4.262279858,0
-7.31220179,-3.491349876,0
4.424501558,1.609309967,1
-0.5820773261,7.996164766,0
7.016174762,-6.304780398,0
4.409815612,-0.1064987927,1
6.32882976,2.728850134,0
5.108104539,-3.502177396,0
-5.601441017,1.897033576,0
-8.629940718,-5.741745927,0
-3.360144495,-0.3390745327,1
-8.098395137,2.498895881,0
-2.577167057,-8.205015767,0
-3.116997907,9.613884933,0
8.662929059,1.699817044,0
-9.545752131,5.401619164,0
9.282593748,-5.45141303,0
9.640385399,5.77167054,0
7.877111498,-9.544420394,0
-2.667911117,-5.250697199,0
3.514370771,4.60943465,0
-3.90297093,0.5189408623,1
0.3210432101,8.192453159,0
-3.117305291,-2.81068176,1
-9.644702767,-7.088703317,0
-7.918509798,-7.970545132,0
-3.761177939,-5.906696348,0
5.964091966,-0.8839822796,0
0.1186009884,2.556552974,1
7.147203444,-5.350983244,0
-1.248484024,-6.159289877,0
7.547001768,-3.365792492,0
-4.147455918,4.889595321,0
0.1797225485,-7.803036533,0
-7.6800652,-7.094669369,0
4.205995897,9.483803162,0
2.548436259,-1.152189223,1
9.775691472,-2.075853961,0
-9.235712176,8.932166286,0
7.515191498,0.5662933027,0
5.163341124,1.480782386,0
7.909170745,-4.731971077,0
9.606350494,3.615350804,0
4.364110361,7.713633665,0
-7.276891973,2.528327925,0
-9.599061945,-1.454464352,0
-7.500233144,-0.5479066296,0
6.209331883,-0.6598040357,0
-9.228648204,0.9479970063,0
2.706396049,-2.275738183,1
6.514109293,-8.23360804,0
-7.72244063,-9.381596057,0
9.430002809,6.282661325,0
4.53770884,-3.587317234,0
6.038326743,-8.60684958,0
2.735731614,1.818669351,1
-0.6629458385,-7.241184414,0
1.835788163,-2.790020274,1
-9.930801074,-1.586678323,0
2.843795063,5.454263657,0
-7.272868162,-0.9937855073,0
-0.3922381766,-6.443888055,0
2.650428812,-7.669301111,0
4.105770175,-6.128254457,0
-8.079485812,-8.710523094,0
-5.854454457,-7.777243912,0
-8.772009584,9.080981839,0
-6.565265723,3.927571491,0
-7.513780369,-6.857726844,0
8.141139673,-4.414259777,0
2.687367859,0.2637467871,1
6.347343621,0.3915087637,0
-6.655206201,9.29473035,0
-2.78571576,-2.180401377,1
1.8382967,-5.012061125,0
5.203522208,4.717483598,0
-8.923579454,-3.215331173,0
1.368087985,-5.845132601,0
2.112646288,9.721515474,0
8.506942875,0.8224864598,0
0.6999762791,1.143308908,1
-0.1117334988,7.3387518,0
3.241057864,-3.464133753,1
2.281920623,-5.485843715,0
-9.811339783,0.5460612646,0
-6.798398293,0.4397874447,0
-4.326030713,5.135631329,0
9.542352486,8.207673466,0
0.9878201962,5.819029467,0
0.2092602873,-9.862879793,0
-3.487350425,-0.9354516823,1
-1.131681313,-2.427417242,1
-8.199399786,9.191853368,0
4.610590939,-0.3649692647,1
6.715867452,-8.522054269,0
-1.894023448,1.750175413,1
7.907037523,-0.3124862891,0
8.733019136,-4.656674489,0
4.347819923,-9.127487692,0
4.206371627,3.782049187,0
3.282229665,8.039724665,0
-1.616321827,-3.535773175,1
-6.367055394,-7.836027237,0
5.218788368,2.890480158,0
7.779198795,9.028539596,0
7.238387291,-8.373622232,0
-5.416754119,-6.496720459,0
-4.545735307,5.251218865,0
-3.357919294,-5.875205745,0
-5.716385974,1.706594168,0
2.963749489,4.221962081,0
9.83490486,4.899352034,0
4.615257993,-7.66598688,0
-7.172966487,-7.020018197,0
-4.63827825,-5.702751955,0
8.444598692,-8.591161338,0
-8.085930905,2.130404428,0
-5.407676187,9.739053358,0
-0.8747282391,0.7275865311,1
7.296789819,5.986355314,0
-5.677290178,2.371567398,0
-2.586193116,0.5224603265,1
-8.063035755,-8.790803455,0
-3.665095901,-7.379926124,0
-5.315038362,-4.915464468,0
-9.953425007,-2.906031192,0
0.7880657409,-9.495736566,0
-9.318925246,-4.07600428,0
-1.946635657,-1.986212896,1
-7.392283179,-9.687692043,0
-4.880948948,-0.1085852576,1
6.14877764,2.318465682,0
-2.237536283,9.821838825,0
-3.83572812,-7.967490522,0
-6.108003627,5.089093601,0
-4.964987273,6.187494136,0
4.691752797,-4.166944267,0
9.983541339,-2.820632363,0
-8.639522184,-6.95754175,0
3.207646853,7.653512199,0
-3.016061011,7.211298498,0
9.961373616,5.13364222,0
-8.697388558,2.964431637,0
-5.496448108,-6.389819554,0
-7.515844448,-8.537969074,0
6.744057443,4.571631987,0
4.482844429,2.021527149,1
-6.546844375,-1.346119496,0
-8.834252897,-2.850481167,0
-2.940560292,-9.10125793,0
9.108138995,1.055075163,0
2.347035453,7.554514512,0
-0.1917461975,0.7197405262,1
6.772898272,-9.582330848,0
-0.955837569,-9.271527234,0
-6.339821983,5.906235118,0
-3.806788202,8.31963427,0
-0.8162035713,-9.62816602,0
9.557110117,3.491085621,0
3.849528193,-9.401268255,0
-4.916590069,-9.49669063,0
7.078034166,-0.995322841,0
-4.653207397,-8.250574008,0
-0.4595439686,-3.250300487,1
3.251209703,-7.284153896,0
-7.947665926,4.775456563,0
0.6366033395,-2.363771401,1
-7.88223506,2.739114029,0
-4.178430152,9.445305928,0
-0.3741216037,8.872157693,0
6.086001288,-5.231946178,0
1.7368624,-0.01406232172,1
-8.80461227,-5.066417018,0
3.654923296,-9.837848401,0
2.291120359,7.382040973,0
-3.229272905,-0.8921162452,1
6.818791605,8.336715803,0
-1.433979902,6.72121988,0
4.639147806,-2.757562868,0
-0.2917126851,9.104861548,0
3.064002959,-3.774712268,1
2.923460197,3.081576769,1
9.282079814,-6.292474691,0
-4.480157701,-8.793273829,0
7.48739807,0.3155413314,0
2.846579184,-2.660493826,1
-5.004508224,7.347577875,0
3.505151656,-5.974035251,0
-3.269611273,3.321828291,1
8.792534675,7.263247115,0
0.6879411843,-7.495536065,0
-1.360189636,1.655933965,1
-1.671244416,-9.178974935,0
4.220189648,-0.4582553322,1
-6.673370543,9.183526914,0
-6.56445433,-8.644718084,0
-0.3039535125,-7.980466227,0
9.650724559,-8.685102061,0